PRAGMA foreign_keys = ON;

INSERT INTO CargoSalario (CARGO,SALARIO) VALUES ('Gerente', 2200);
INSERT INTO CargoSalario (CARGO,SALARIO) VALUES ('Vendedor', 1000);
INSERT INTO CargoSalario (CARGO,SALARIO) VALUES ('RH', 1700);
INSERT INTO CargoSalario (CARGO,SALARIO) VALUES ('Zelador', 1200);

INSERT INTO PessoaFuncionario (NIF,NAME,DATANASCIMENTO,CARGO) VALUES (203895177,'Arthur Pessoa de Mello Teixeira','2004-06-16','Gerente');
INSERT INTO PessoaFuncionario (NIF,NAME,DATANASCIMENTO,CARGO) VALUES (257380043,'Pedro Souza Souto Amancio Gouveia','2001-08-25','Zelador');
INSERT INTO PessoaFuncionario (NIF,NAME,DATANASCIMENTO,CARGO) VALUES (255596030,'Guilherme Cardozo de Castro Melo','2004-09-22','RH');
INSERT INTO PessoaFuncionario (NIF,NAME,DATANASCIMENTO,CARGO) VALUES (232386412,'Nalini Quintana Madeira','2000-07-03','Vendedor');
INSERT INTO PessoaFuncionario (NIF,NAME,DATANASCIMENTO,CARGO) VALUES (219412790,'Caetana Bulhosa Trigueiro','1973-11-01','Vendedor');
INSERT INTO PessoaFuncionario (NIF,NAME,DATANASCIMENTO,CARGO) VALUES (215876580,'Josué Lagoa Vilalobos','1980-02-28','Vendedor');
INSERT INTO PessoaFuncionario (NIF,NAME,DATANASCIMENTO,CARGO) VALUES (245373543,'Luisa Medeiros Castro','1999-10-15','Vendedor');

INSERT INTO PessoaCliente (NIF,NAME,DATANASCIMENTO,MORADA) VALUES (281977550,'Izabella Quina Simão','1963-04-23','Porto');
INSERT INTO PessoaCliente (NIF,NAME,DATANASCIMENTO,MORADA) VALUES (244343470,'Jade Brásio Monte','1995-12-18','Porto');
INSERT INTO PessoaCliente (NIF,NAME,DATANASCIMENTO,MORADA) VALUES (272750670,'Alice Souto Torquato','2005-09-08','Porto');

INSERT INTO Categoria (TIPO, RESTRITO) VALUES ('Alimento', 0);
INSERT INTO Categoria (TIPO, RESTRITO) VALUES ('Bebida Alcoolica', 1);
INSERT INTO Categoria (TIPO, RESTRITO) VALUES ('Cigarro', 1);
INSERT INTO Categoria (TIPO, RESTRITO) VALUES ('Eletronico', 0);

INSERT INTO Fornecedor (NIPC, NOME, MORADA, EMAIL, TELEFONE) 
VALUES (596055927, 'ALIMENTACAO FERNANDES', 'Porto', 'alimentacaofe@contato.com', 910026430);
INSERT INTO Fornecedor (NIPC, NOME, MORADA, EMAIL, TELEFONE) 
VALUES (535466951, 'VINHO VNG', 'Vila Nova de Gaia', 'vngvinho@contato.com', 910498588);
INSERT INTO Fornecedor (NIPC, NOME, MORADA, EMAIL, TELEFONE) 
VALUES (537333070, 'SAL DE AVEIRO', 'Aveiro', 'salaveiro@contato.com', 910806795);

INSERT INTO Produto (CODIGO, DESCRICAO, CUSTO, CATEGORIA, QUANTIDADE, FORNECEDOR)
VALUES (1234567890100, 'Aveia 300g', 3.00, 'Alimento', 10, 596055927);
INSERT INTO Produto (CODIGO, DESCRICAO, CUSTO, CATEGORIA, QUANTIDADE, FORNECEDOR)
VALUES (1234567890101, 'Vinho Tinto 75cl', 17.30, 'Bebida Alcoolica', 20, 535466951);
INSERT INTO Produto (CODIGO, DESCRICAO, CUSTO, CATEGORIA, QUANTIDADE, FORNECEDOR)
VALUES (1234567890102, 'Sal 1kg', 1.50, 'Alimento', 40, 537333070);

INSERT INTO Fornece (NIPC, CODIGO, PRAZOENTREGA)
VALUES (596055927, 1234567890100, '2025-01-05');

INSERT INTO Compra (IDCOMPRA, DATACOMPRA, QUANTIDADECOMRPA, VALORTOTAL, FORNECEDOR)
VALUES (123456789, '2024-01-10', 5, 12500.00, 596055927);

INSERT INTO ItemCompra (CODIGOITEM, IDCOMPRA, PRECOUNIDADE, QUANTIDADE)
VALUES (1234567890100, 123456789, 3.00, 5);

INSERT INTO MetodoPagamento (TIPO, STATUS) VALUES ('Cartao', 'Pendente');
INSERT INTO MetodoPagamento (TIPO, STATUS) VALUES ('Dinheiro', 'Aprovado');
INSERT INTO MetodoPagamento (TIPO, STATUS) VALUES ('MB Way', 'Aprovado');

INSERT INTO Venda (IDVENDA, IDCLIENTE, IDVENDEDOR, DATAVENDA, VALORTOTAL, METODOPAGAMENTO)
VALUES (123456798, 281977550, 232386412, '2024-02-01', 15.00, 'Cartao');

INSERT INTO ItemVenda (CODIGOITEM, IDVENDA, PRECOUNIDADE, QUANTIDADE)
VALUES (1234567890100, 123456798, 3.00, 5);