PRAGMA foreign_keys = ON;

-- Inserindo em CargoSalario
INSERT INTO CargoSalario (CARGO,SALARIO) VALUES ('Gerente', 2200);
INSERT INTO CargoSalario (CARGO,SALARIO) VALUES ('Vendedor', 1000);
INSERT INTO CargoSalario (CARGO,SALARIO) VALUES ('RH', 1700);
INSERT INTO CargoSalario (CARGO,SALARIO) VALUES ('Zelador', 1200);
INSERT INTO CargoSalario (CARGO, SALARIO) VALUES ('Supervisor', 2500);
INSERT INTO CargoSalario (CARGO, SALARIO) VALUES ('Auxiliar', 900);
INSERT INTO CargoSalario (CARGO, SALARIO) VALUES ('Estagiário', 600);

-- Inserindo em PessoaFuncionario
INSERT INTO PessoaFuncionario (NIF,NAME,DATANASCIMENTO,CARGO) VALUES (203895177,'Arthur Pessoa de Mello Teixeira','2004-06-16','Gerente');
INSERT INTO PessoaFuncionario (NIF,NAME,DATANASCIMENTO,CARGO) VALUES (257380043,'Pedro Souza Souto Amancio Gouveia','2001-08-25','Zelador');
INSERT INTO PessoaFuncionario (NIF,NAME,DATANASCIMENTO,CARGO) VALUES (255596030,'Guilherme Cardozo de Castro Melo','2004-09-22','RH');
INSERT INTO PessoaFuncionario (NIF,NAME,DATANASCIMENTO,CARGO) VALUES (232386412,'Nalini Quintana Madeira','2000-07-03','Vendedor');
INSERT INTO PessoaFuncionario (NIF,NAME,DATANASCIMENTO,CARGO) VALUES (219412790,'Caetana Bulhosa Trigueiro','1973-11-01','Vendedor');
INSERT INTO PessoaFuncionario (NIF,NAME,DATANASCIMENTO,CARGO) VALUES (215876580,'Josué Lagoa Vilalobos','1980-02-28','Vendedor');
INSERT INTO PessoaFuncionario (NIF,NAME,DATANASCIMENTO,CARGO) VALUES (245373543,'Luisa Medeiros Castro','1999-10-15','Vendedor');
INSERT INTO PessoaFuncionario (NIF, NAME, DATANASCIMENTO, CARGO) VALUES (223489761, 'Mariana Azevedo', '1990-11-20', 'Gerente');
INSERT INTO PessoaFuncionario (NIF, NAME, DATANASCIMENTO, CARGO) VALUES (219374123, 'João Oliveira', '1992-06-10', 'Supervisor');
INSERT INTO PessoaFuncionario (NIF, NAME, DATANASCIMENTO, CARGO) VALUES (213984567, 'Laura Pereira', '2000-01-15', 'Auxiliar');
INSERT INTO PessoaFuncionario (NIF, NAME, DATANASCIMENTO, CARGO) VALUES (224567890, 'Ana Costa', '1985-12-12', 'Estagiário');
INSERT INTO PessoaFuncionario (NIF, NAME, DATANASCIMENTO, CARGO) VALUES (212345678, 'Carolina Santos', '1997-11-10', 'Vendedor');
INSERT INTO PessoaFuncionario (NIF, NAME, DATANASCIMENTO, CARGO) VALUES (212345568, 'Maria Eduarda', '2000-10-10', 'Vendedor');
INSERT INTO PessoaFuncionario (NIF, NAME, DATANASCIMENTO, CARGO) VALUES (214567890, 'Eduardo Farias', '1993-07-08', 'RH');

-- Inserindo em PessoaCliente
INSERT INTO PessoaCliente (NIF,NAME,DATANASCIMENTO,MORADA) VALUES (281977550,'Izabella Quina Simão','1963-04-23','Porto');
INSERT INTO PessoaCliente (NIF,NAME,DATANASCIMENTO,MORADA) VALUES (244343470,'Jade Brásio Monte','1995-12-18','Porto');
INSERT INTO PessoaCliente (NIF,NAME,DATANASCIMENTO,MORADA) VALUES (272750670,'Alice Souto Torquato','2005-09-08','Porto');
INSERT INTO PessoaCliente (NIF, NAME, DATANASCIMENTO, MORADA) VALUES (287654321, 'Carlos Almeida', '1980-07-18', 'Porto');
INSERT INTO PessoaCliente (NIF, NAME, DATANASCIMENTO, MORADA) VALUES (284738291, 'Fernanda Ribeiro', '1994-03-15', 'Coimbra');
INSERT INTO PessoaCliente (NIF, NAME, DATANASCIMENTO, MORADA) VALUES (273891456, 'José Fernandes', '2003-10-22', 'Porto');
INSERT INTO PessoaCliente (NIF, NAME, DATANASCIMENTO, MORADA) VALUES (274632781, 'Luciana Monteiro', '1978-02-20', 'Porto');
INSERT INTO PessoaCliente (NIF, NAME, DATANASCIMENTO, MORADA) VALUES (276589432, 'Gabriel Ferreira', '1988-06-13', 'Aveiro');
INSERT INTO PessoaCliente (NIF, NAME, DATANASCIMENTO, MORADA) VALUES (273891789, 'Leonardo Vieira', '1992-04-10', 'Lisboa');
INSERT INTO PessoaCliente (NIF, NAME, DATANASCIMENTO, MORADA) VALUES (282345912, 'Sofia Almeida', '1988-11-22', 'Porto');
INSERT INTO PessoaCliente (NIF, NAME, DATANASCIMENTO, MORADA) VALUES (292874561, 'Cláudio Nogueira', '2000-07-15', 'Aveiro');

-- Inserindo em Categoria
INSERT INTO Categoria (TIPO, RESTRITO) VALUES ('Alimento', 0);
INSERT INTO Categoria (TIPO, RESTRITO) VALUES ('Bebida Alcoolica', 1);
INSERT INTO Categoria (TIPO, RESTRITO) VALUES ('Cigarro', 1);
INSERT INTO Categoria (TIPO, RESTRITO) VALUES ('Eletronico', 0);
INSERT INTO Categoria (TIPO, RESTRITO) VALUES ('Snacks', 0);
INSERT INTO Categoria (TIPO, RESTRITO) VALUES ('Bebidas', 0);
INSERT INTO Categoria (TIPO, RESTRITO) VALUES ('Doces', 0);
INSERT INTO Categoria (TIPO, RESTRITO) VALUES ('Frutas', 0);
INSERT INTO Categoria (TIPO, RESTRITO) VALUES ('Higiene', 0);
INSERT INTO Categoria (TIPO, RESTRITO) VALUES ('Laticínios', 0);
INSERT INTO Categoria (TIPO, RESTRITO) VALUES ('Carnes', 0);

-- Inserindo em Fornecedor
INSERT INTO Fornecedor (NIPC, NOME, MORADA, EMAIL, TELEFONE) VALUES (596055927, 'ALIMENTACAO FERNANDES', 'Porto', 'alimentacaofe@contato.com', 910026430);
INSERT INTO Fornecedor (NIPC, NOME, MORADA, EMAIL, TELEFONE) VALUES (535466951, 'VINHO VNG', 'Vila Nova de Gaia', 'vngvinho@contato.com', 910498588);
INSERT INTO Fornecedor (NIPC, NOME, MORADA, EMAIL, TELEFONE) VALUES (537333070, 'SAL DE AVEIRO', 'Aveiro', 'salaveiro@contato.com', 910806795);
INSERT INTO Fornecedor (NIPC, NOME, MORADA, EMAIL, TELEFONE) VALUES (598745213, 'Snacks Deliciosos', 'Lisboa', 'contato@snacksdeliciosos.com', 910987654);
INSERT INTO Fornecedor (NIPC, NOME, MORADA, EMAIL, TELEFONE) VALUES (593827410, 'Bebidas Top', 'Aveiro', 'bebidastop@contato.com', 910546372);
INSERT INTO Fornecedor (NIPC, NOME, MORADA, EMAIL, TELEFONE) VALUES (514238764, 'Frutas Tropicais', 'Lisboa', 'contato@frutastropicais.com', 912345678);
INSERT INTO Fornecedor (NIPC, NOME, MORADA, EMAIL, TELEFONE) VALUES (537482190, 'Produtos de Limpeza', 'Porto', 'limpeza@produtos.com', 919876543);
INSERT INTO Fornecedor (NIPC, NOME, MORADA, EMAIL, TELEFONE) VALUES (591234567, 'Queijos Delícia', 'Lisboa', 'queijos@delicia.com', 911234567);
INSERT INTO Fornecedor (NIPC, NOME, MORADA, EMAIL, TELEFONE) VALUES (592874123, 'Carne Premium', 'Porto', 'contato@carnepremium.com', 913874562);

-- Inserindo em Produto
INSERT INTO Produto (CODIGO, DESCRICAO, CUSTO, CATEGORIA, QUANTIDADE, FORNECEDOR) VALUES (1234567890100, 'Aveia 300g', 3.00, 'Alimento', 10, 596055927);
INSERT INTO Produto (CODIGO, DESCRICAO, CUSTO, CATEGORIA, QUANTIDADE, FORNECEDOR) VALUES (1234567890101, 'Vinho Tinto 75cl', 17.30, 'Bebida Alcoolica', 20, 535466951);
INSERT INTO Produto (CODIGO, DESCRICAO, CUSTO, CATEGORIA, QUANTIDADE, FORNECEDOR) VALUES (1234567890102, 'Sal 1kg', 1.50, 'Alimento', 40, 537333070);
INSERT INTO Produto (CODIGO, DESCRICAO, CUSTO, CATEGORIA, QUANTIDADE, FORNECEDOR) VALUES (1234567890103, 'Batata Chips 150g', 2.50, 'Snacks', 30, 598745213);
INSERT INTO Produto (CODIGO, DESCRICAO, CUSTO, CATEGORIA, QUANTIDADE, FORNECEDOR) VALUES (1234567890104, 'Refrigerante 500ml', 1.50, 'Bebidas', 50, 593827410);
INSERT INTO Produto (CODIGO, DESCRICAO, CUSTO, CATEGORIA, QUANTIDADE, FORNECEDOR) VALUES (1234567890105, 'Chocolate 200g', 3.00, 'Doces', 20, 598745213);
INSERT INTO Produto (CODIGO, DESCRICAO, CUSTO, CATEGORIA, QUANTIDADE, FORNECEDOR) VALUES (1234567890106, 'Maçã Gala 1kg', 2.00, 'Frutas', 50, 514238764);
INSERT INTO Produto (CODIGO, DESCRICAO, CUSTO, CATEGORIA, QUANTIDADE, FORNECEDOR) VALUES (1234567890107, 'Pera Rocha 1kg', 2.50, 'Frutas', 40, 514238764);
INSERT INTO Produto (CODIGO, DESCRICAO, CUSTO, CATEGORIA, QUANTIDADE, FORNECEDOR) VALUES (1234567890108, 'Detergente 500ml', 3.20, 'Higiene', 30, 537482190);
INSERT INTO Produto (CODIGO, DESCRICAO, CUSTO, CATEGORIA, QUANTIDADE, FORNECEDOR) VALUES (1234567890110, 'Queijo Mussarela 500g', 5.50, 'Laticínios', 30, 591234567);
INSERT INTO Produto (CODIGO, DESCRICAO, CUSTO, CATEGORIA, QUANTIDADE, FORNECEDOR) VALUES (1234567890111, 'Carne Bovina 1kg', 12.00, 'Carnes', 50, 592874123);
INSERT INTO Produto (CODIGO, DESCRICAO, CUSTO, CATEGORIA, QUANTIDADE, FORNECEDOR) VALUES (1234567890112, 'Iogurte Natural 170g', 1.50, 'Laticínios', 60, 591234567);
INSERT INTO Produto (CODIGO, DESCRICAO, CUSTO, CATEGORIA, QUANTIDADE, FORNECEDOR) VALUES (1234567890113, 'Frango Inteiro 2kg', 8.50, 'Carnes', 25, 592874123);

-- Inserindo em Fornece
INSERT INTO Fornece (NIPC, CODIGO, PRAZOENTREGA) VALUES (596055927, 1234567890100, '2025-01-05');
INSERT INTO Fornece (NIPC, CODIGO, PRAZOENTREGA) VALUES (598745213, 1234567890103, '2024-01-10');
INSERT INTO Fornece (NIPC, CODIGO, PRAZOENTREGA) VALUES (593827410, 1234567890104, '2024-02-15');
INSERT INTO Fornece (NIPC, CODIGO, PRAZOENTREGA) VALUES (598745213, 1234567890105, '2024-03-20');
INSERT INTO Fornece (NIPC, CODIGO, PRAZOENTREGA) VALUES (514238764, 1234567890106, '2024-01-15');
INSERT INTO Fornece (NIPC, CODIGO, PRAZOENTREGA) VALUES (514238764, 1234567890107, '2024-01-20');
INSERT INTO Fornece (NIPC, CODIGO, PRAZOENTREGA) VALUES (537482190, 1234567890108, '2024-02-10');
INSERT INTO Fornece (NIPC, CODIGO, PRAZOENTREGA) VALUES (591234567, 1234567890110, '2024-04-01');
INSERT INTO Fornece (NIPC, CODIGO, PRAZOENTREGA) VALUES (592874123, 1234567890111, '2024-04-10');
INSERT INTO Fornece (NIPC, CODIGO, PRAZOENTREGA) VALUES (591234567, 1234567890112, '2024-04-20');
INSERT INTO Fornece (NIPC, CODIGO, PRAZOENTREGA) VALUES (592874123, 1234567890113, '2024-04-25');

-- Inserindo em Compra
INSERT INTO Compra (IDCOMPRA, DATACOMPRA, QUANTIDADECOMRPA, VALORTOTAL, FORNECEDOR) VALUES (123456789, '2024-01-10', 5, 12500.00, 596055927);
INSERT INTO Compra (IDCOMPRA, DATACOMPRA, QUANTIDADECOMRPA, VALORTOTAL, FORNECEDOR) VALUES (100000001, '2024-01-10', 30, 75.00, 598745213);
INSERT INTO Compra (IDCOMPRA, DATACOMPRA, QUANTIDADECOMRPA, VALORTOTAL, FORNECEDOR) VALUES (100000002, '2024-02-15', 50, 75.00, 593827410);
INSERT INTO Compra (IDCOMPRA, DATACOMPRA, QUANTIDADECOMRPA, VALORTOTAL, FORNECEDOR) VALUES (100000003, '2024-03-20', 20, 60.00, 598745213);
INSERT INTO Compra (IDCOMPRA, DATACOMPRA, QUANTIDADECOMRPA, VALORTOTAL, FORNECEDOR) VALUES (100000004, '2024-01-15', 50, 100.00, 514238764);
INSERT INTO Compra (IDCOMPRA, DATACOMPRA, QUANTIDADECOMRPA, VALORTOTAL, FORNECEDOR) VALUES (100000005, '2024-01-20', 40, 100.00, 514238764);
INSERT INTO Compra (IDCOMPRA, DATACOMPRA, QUANTIDADECOMRPA, VALORTOTAL, FORNECEDOR) VALUES (100000006, '2024-02-10', 30, 96.00, 537482190);
INSERT INTO Compra (IDCOMPRA, DATACOMPRA, QUANTIDADECOMRPA, VALORTOTAL, FORNECEDOR) VALUES (100000007, '2024-03-25', 30, 165.00, 591234567);
INSERT INTO Compra (IDCOMPRA, DATACOMPRA, QUANTIDADECOMRPA, VALORTOTAL, FORNECEDOR) VALUES (100000008, '2024-03-30', 50, 600.00, 592874123);
INSERT INTO Compra (IDCOMPRA, DATACOMPRA, QUANTIDADECOMRPA, VALORTOTAL, FORNECEDOR) VALUES (100000009, '2024-04-15', 60, 90.00, 591234567);
INSERT INTO Compra (IDCOMPRA, DATACOMPRA, QUANTIDADECOMRPA, VALORTOTAL, FORNECEDOR) VALUES (100000010, '2024-04-20', 25, 212.50, 592874123);

-- Inserindo em ItemCompra
INSERT INTO ItemCompra (CODIGOITEM, IDCOMPRA, PRECOUNIDADE, QUANTIDADE) VALUES (1234567890100, 123456789, 3.00, 5);
INSERT INTO ItemCompra (CODIGOITEM, IDCOMPRA, PRECOUNIDADE, QUANTIDADE) VALUES (1234567890103, 100000001, 2.50, 30);
INSERT INTO ItemCompra (CODIGOITEM, IDCOMPRA, PRECOUNIDADE, QUANTIDADE) VALUES (1234567890104, 100000002, 1.50, 50);
INSERT INTO ItemCompra (CODIGOITEM, IDCOMPRA, PRECOUNIDADE, QUANTIDADE) VALUES (1234567890105, 100000003, 3.00, 20);
INSERT INTO ItemCompra (CODIGOITEM, IDCOMPRA, PRECOUNIDADE, QUANTIDADE) VALUES (1234567890106, 100000004, 2.00, 50);
INSERT INTO ItemCompra (CODIGOITEM, IDCOMPRA, PRECOUNIDADE, QUANTIDADE) VALUES (1234567890107, 100000005, 2.50, 40);
INSERT INTO ItemCompra (CODIGOITEM, IDCOMPRA, PRECOUNIDADE, QUANTIDADE) VALUES (1234567890108, 100000006, 3.20, 30);
INSERT INTO ItemCompra (CODIGOITEM, IDCOMPRA, PRECOUNIDADE, QUANTIDADE) VALUES (1234567890110, 100000007, 5.50, 30);
INSERT INTO ItemCompra (CODIGOITEM, IDCOMPRA, PRECOUNIDADE, QUANTIDADE) VALUES (1234567890111, 100000008, 12.00, 50);
INSERT INTO ItemCompra (CODIGOITEM, IDCOMPRA, PRECOUNIDADE, QUANTIDADE) VALUES (1234567890112, 100000009, 1.50, 60);
INSERT INTO ItemCompra (CODIGOITEM, IDCOMPRA, PRECOUNIDADE, QUANTIDADE) VALUES (1234567890113, 100000010, 8.50, 25);

-- Inserindo em MetodoPagamento
INSERT INTO MetodoPagamento (TIPO, STATUS) VALUES ('Dinheiro', 'Aprovado');
INSERT INTO MetodoPagamento (TIPO, STATUS) VALUES ('Cartao', 'Aprovado');
INSERT INTO MetodoPagamento (TIPO, STATUS) VALUES ('Cartao', 'Recusado');
INSERT INTO MetodoPagamento (TIPO, STATUS) VALUES ('Cartao', 'Pendente');
INSERT INTO MetodoPagamento (TIPO, STATUS) VALUES ('MB Way', 'Aprovado');
INSERT INTO MetodoPagamento (TIPO, STATUS) VALUES ('MB Way', 'Recusado');
INSERT INTO MetodoPagamento (TIPO, STATUS) VALUES ('MB Way', 'Pendente');

-- Inserindo em Venda
INSERT INTO Venda (IDVENDA, IDCLIENTE, IDVENDEDOR, DATAVENDA, VALORTOTAL, METODOPAGAMENTO, STATUSMETODOPAGAMENTO) VALUES (123456798, 281977550, 232386412, '2024-02-01', 15.00, 'Cartao', 'Aprovado');
INSERT INTO Venda (IDVENDA, IDCLIENTE, IDVENDEDOR, DATAVENDA, VALORTOTAL, METODOPAGAMENTO, STATUSMETODOPAGAMENTO) VALUES (100000001, 287654321, 212345568, '2024-01-20', 75.00, 'Dinheiro', 'Aprovado');
INSERT INTO Venda (IDVENDA, IDCLIENTE, IDVENDEDOR, DATAVENDA, VALORTOTAL, METODOPAGAMENTO, STATUSMETODOPAGAMENTO) VALUES (100000002, 284738291, 212345678, '2024-02-18', 75.00, 'Cartao', 'Recusado');
INSERT INTO Venda (IDVENDA, IDCLIENTE, IDVENDEDOR, DATAVENDA, VALORTOTAL, METODOPAGAMENTO, STATUSMETODOPAGAMENTO) VALUES (100000003, 274632781, 212345568, '2024-03-01', 100.00, 'MB Way', 'Aprovado');
INSERT INTO Venda (IDVENDA, IDCLIENTE, IDVENDEDOR, DATAVENDA, VALORTOTAL, METODOPAGAMENTO, STATUSMETODOPAGAMENTO) VALUES (100000004, 276589432, 212345678, '2024-03-10', 96.00, 'Cartao', 'Pendente');
INSERT INTO Venda (IDVENDA, IDCLIENTE, IDVENDEDOR, DATAVENDA, VALORTOTAL, METODOPAGAMENTO, STATUSMETODOPAGAMENTO) VALUES (100000005, 273891789, 212345568, '2024-04-05', 165.00, 'Dinheiro', 'Aprovado');
INSERT INTO Venda (IDVENDA, IDCLIENTE, IDVENDEDOR, DATAVENDA, VALORTOTAL, METODOPAGAMENTO, STATUSMETODOPAGAMENTO) VALUES (100000006, 282345912, 212345568, '2024-04-12', 600.00, 'Cartao', 'Pendente');
INSERT INTO Venda (IDVENDA, IDCLIENTE, IDVENDEDOR, DATAVENDA, VALORTOTAL, METODOPAGAMENTO, STATUSMETODOPAGAMENTO) VALUES (100000007, 292874561, 212345678, '2024-04-22', 90.00, 'MB Way', 'Pendente');
INSERT INTO Venda (IDVENDA, IDCLIENTE, IDVENDEDOR, DATAVENDA, VALORTOTAL, METODOPAGAMENTO, STATUSMETODOPAGAMENTO) VALUES (100000008, 282345912, 212345678, '2024-04-25', 212.50, 'Dinheiro', 'Aprovado');

-- Inserindo em ItemVenda
INSERT INTO ItemVenda (CODIGOITEM, IDVENDA, PRECOUNIDADE, QUANTIDADE) VALUES (1234567890100, 123456798, 3.00, 5);
INSERT INTO ItemVenda (CODIGOITEM, IDVENDA, PRECOUNIDADE, QUANTIDADE) VALUES (1234567890103, 100000001, 2.50, 30);
INSERT INTO ItemVenda (CODIGOITEM, IDVENDA, PRECOUNIDADE, QUANTIDADE) VALUES (1234567890104, 100000002, 1.50, 50);
INSERT INTO ItemVenda (CODIGOITEM, IDVENDA, PRECOUNIDADE, QUANTIDADE) VALUES (1234567890106, 100000003, 2.00, 50);
INSERT INTO ItemVenda (CODIGOITEM, IDVENDA, PRECOUNIDADE, QUANTIDADE) VALUES (1234567890108, 100000004, 3.20, 30);
INSERT INTO ItemVenda (CODIGOITEM, IDVENDA, PRECOUNIDADE, QUANTIDADE) VALUES (1234567890110, 100000005, 5.50, 30);
INSERT INTO ItemVenda (CODIGOITEM, IDVENDA, PRECOUNIDADE, QUANTIDADE) VALUES (1234567890111, 100000006, 12.00, 50);
INSERT INTO ItemVenda (CODIGOITEM, IDVENDA, PRECOUNIDADE, QUANTIDADE) VALUES (1234567890112, 100000007, 1.50, 60);
INSERT INTO ItemVenda (CODIGOITEM, IDVENDA, PRECOUNIDADE, QUANTIDADE) VALUES (1234567890113, 100000008, 8.50, 25);